{
  "model_name": "TariClassifier_MobileNetV2",
  "architecture": "MobileNetV2 + Custom Head",
  "input_shape": [
    224,
    224,
    3
  ],
  "num_classes": 5,
  "class_names": [
    "Tari_Bedhaya",
    "Tari_Dolalak",
    "Tari_Gambyong",
    "Tari_Golek",
    "Tari_Srimpi"
  ],
  "class_labels": {
    "Tari_Bedhaya": "Tari Bedhaya",
    "Tari_Dolalak": "Tari Dolalak",
    "Tari_Gambyong": "Tari Gambyong",
    "Tari_Golek": "Tari Golek",
    "Tari_Srimpi": "Tari Srimpi"
  },
  "dropout_rate": 0.3,
  "dense_units": 256,
  "fine_tune_at": 100,
  "keras_path": "/content/drive/MyDrive/Skripsi_Fasya/output/models/model_final.keras",
  "h5_path": "/content/drive/MyDrive/Skripsi_Fasya/output/models/model_final.h5",
  "saved_at": "2026-06-21 15:14:47",
  "evaluation": {
    "accuracy": 0.8292682926829268,
    "precision": 0.8301587885959721,
    "recall": 0.8292682926829268,
    "f1_score": 0.8290665272805805,
    "per_class_accuracy": {
      "Tari Bedhaya": 0.8863636363636364,
      "Tari Dolalak": 0.8863636363636364,
      "Tari Gambyong": 0.8846153846153846,
      "Tari Golek": 0.7567567567567568,
      "Tari Srimpi": 0.6428571428571429
    },
    "confusion_matrix": [
      [
        39,
        0,
        0,
        4,
        1
      ],
      [
        0,
        39,
        4,
        1,
        0
      ],
      [
        1,
        2,
        46,
        2,
        1
      ],
      [
        2,
        0,
        2,
        28,
        5
      ],
      [
        3,
        1,
        1,
        5,
        18
      ]
    ],
    "classification_report": {
      "Tari Bedhaya": {
        "precision": 0.8666666666666667,
        "recall": 0.8863636363636364,
        "f1-score": 0.8764044943820225,
        "support": 44.0
      },
      "Tari Dolalak": {
        "precision": 0.9285714285714286,
        "recall": 0.8863636363636364,
        "f1-score": 0.9069767441860465,
        "support": 44.0
      },
      "Tari Gambyong": {
        "precision": 0.8679245283018868,
        "recall": 0.8846153846153846,
        "f1-score": 0.8761904761904762,
        "support": 52.0
      },
      "Tari Golek": {
        "precision": 0.7,
        "recall": 0.7567567567567568,
        "f1-score": 0.7272727272727273,
        "support": 37.0
      },
      "Tari Srimpi": {
        "precision": 0.72,
        "recall": 0.6428571428571429,
        "f1-score": 0.6792452830188679,
        "support": 28.0
      },
      "accuracy": 0.8292682926829268,
      "macro avg": {
        "precision": 0.8166325247079964,
        "recall": 0.8113913113913116,
        "f1-score": 0.8132179450100281,
        "support": 205.0
      },
      "weighted avg": {
        "precision": 0.8301587885959721,
        "recall": 0.8292682926829268,
        "f1-score": 0.8290665272805805,
        "support": 205.0
      }
    },
    "total_test_samples": 205,
    "correct_predictions": 170
  }
}