{
  "model_name": "TariClassifier_MobileNetV2",
  "architecture": "MobileNetV2 + Custom Head",
  "input_shape": [
    224,
    224,
    3
  ],
  "num_classes": 5,
  "class_names": [
    "Tari_Bedhaya",
    "Tari_Dolalak",
    "Tari_Gambyong",
    "Tari_Golek",
    "Tari_Srimpi"
  ],
  "class_labels": {
    "Tari_Bedhaya": "Tari Bedhaya",
    "Tari_Dolalak": "Tari Dolalak",
    "Tari_Gambyong": "Tari Gambyong",
    "Tari_Golek": "Tari Golek",
    "Tari_Srimpi": "Tari Srimpi"
  },
  "dropout_rate": 0.3,
  "dense_units": 256,
  "fine_tune_at": 100,
  "keras_path": "/content/drive/MyDrive/Skripsi_Fasya/output/models/model_final.keras",
  "h5_path": "/content/drive/MyDrive/Skripsi_Fasya/output/models/model_final.h5",
  "saved_at": "2026-06-20 17:55:05",
  "evaluation": {
    "accuracy": 0.8146341463414634,
    "precision": 0.8140357328193343,
    "recall": 0.8146341463414634,
    "f1_score": 0.8136623658450733,
    "per_class_accuracy": {
      "Tari Bedhaya": 0.8636363636363636,
      "Tari Dolalak": 0.8636363636363636,
      "Tari Gambyong": 0.8653846153846154,
      "Tari Golek": 0.7567567567567568,
      "Tari Srimpi": 0.6428571428571429
    },
    "confusion_matrix": [
      [
        38,
        1,
        1,
        2,
        2
      ],
      [
        0,
        38,
        5,
        1,
        0
      ],
      [
        3,
        1,
        45,
        1,
        2
      ],
      [
        4,
        0,
        2,
        28,
        3
      ],
      [
        2,
        2,
        1,
        5,
        18
      ]
    ],
    "classification_report": {
      "Tari Bedhaya": {
        "precision": 0.8085106382978723,
        "recall": 0.8636363636363636,
        "f1-score": 0.8351648351648352,
        "support": 44.0
      },
      "Tari Dolalak": {
        "precision": 0.9047619047619048,
        "recall": 0.8636363636363636,
        "f1-score": 0.8837209302325582,
        "support": 44.0
      },
      "Tari Gambyong": {
        "precision": 0.8333333333333334,
        "recall": 0.8653846153846154,
        "f1-score": 0.8490566037735849,
        "support": 52.0
      },
      "Tari Golek": {
        "precision": 0.7567567567567568,
        "recall": 0.7567567567567568,
        "f1-score": 0.7567567567567568,
        "support": 37.0
      },
      "Tari Srimpi": {
        "precision": 0.72,
        "recall": 0.6428571428571429,
        "f1-score": 0.6792452830188679,
        "support": 28.0
      },
      "accuracy": 0.8146341463414634,
      "macro avg": {
        "precision": 0.8046725266299735,
        "recall": 0.7984542484542485,
        "f1-score": 0.8007888817893205,
        "support": 205.0
      },
      "weighted avg": {
        "precision": 0.8140357328193343,
        "recall": 0.8146341463414634,
        "f1-score": 0.8136623658450733,
        "support": 205.0
      }
    },
    "total_test_samples": 205,
    "correct_predictions": 167
  }
}